{
    "version": 8,
    "name": "Navigation",
    "metadata": {
        "mapbox:type": "default",
        "mapbox:origin": "navigation-night-v1",
        "mapbox:sdk-support": {
            "android": "10.0.0",
            "ios": "10.0.0",
            "js": "2.3.0"
        },
        "mapbox:autocomposite": true,
        "mapbox:groups": {
            "Transit, transit-labels": {
                "name": "Transit, transit-labels",
                "collapsed": true
            },
            "Administrative boundaries, admin": {
                "name": "Administrative boundaries, admin",
                "collapsed": true
            },
            "Transit, bridges": {"name": "Transit, bridges", "collapsed": true},
            "Transit, surface": {"name": "Transit, surface", "collapsed": true},
            "Land, water, & sky, water": {
                "name": "Land, water, & sky, water",
                "collapsed": true
            },
            "Land, water, & sky, built": {
                "name": "Land, water, & sky, built",
                "collapsed": true
            },
            "Place labels, place-labels": {
                "name": "Place labels, place-labels",
                "collapsed": true
            },
            "Transit, ferries": {"name": "Transit, ferries", "collapsed": true},
            "Transit, elevated": {
                "name": "Transit, elevated",
                "collapsed": true
            },
            "Land, water, & sky, sky": {
                "name": "Land, water, & sky, sky",
                "collapsed": true
            },
            "Transit, built": {"name": "Transit, built", "collapsed": true},
            "Land, water, & sky, land": {
                "name": "Land, water, & sky, land",
                "collapsed": true
            },
            "Transit, ferry-aerialway-labels": {
                "name": "Transit, ferry-aerialway-labels",
                "collapsed": true
            }
        },
        "mapbox:uiParadigm": "components",
        "mapbox:decompiler": {
            "id": "ckvcr41l82igb15o20zlmtz6i",
            "componentVersion": "11.1.1",
            "strata": [
                {
                    "id": "navigation-night-v1",
                    "order": [
                        ["land-and-water", "land"],
                        ["land-and-water", "water"],
                        ["land-and-water", "built"],
                        ["transit", "built"],
                        ["transit", "ferries"],
                        ["transit", "surface"],
                        ["transit", "bridges"],
                        ["transit", "elevated"],
                        ["admin-boundaries", "admin"],
                        ["transit", "ferry-aerialway-labels"],
                        ["transit", "transit-labels"],
                        ["place-labels", "place-labels"],
                        ["land-and-water", "sky"]
                    ]
                }
            ],
            "components": {
                "land-and-water": "11.1.1",
                "admin-boundaries": "11.1.1",
                "transit": "11.1.1",
                "place-labels": "11.1.1"
            },
            "propConfig": {
                "land-and-water": {
                    "sky": true,
                    "colorGreenspace": "hsl(170, 18%, 32%)",
                    "colorScheme": "Monochrome",
                    "colorAirport": "hsl(230, 18%, 77%)",
                    "land": "Simple",
                    "reverseGradient": false,
                    "transitionLandOnZoom": false,
                    "darkMonochrome": false,
                    "colorBase": "hsl(214, 19%, 45%)",
                    "colorWater": "hsl(197, 15%, 43%)",
                    "colorSchool": "hsl(200, 10%, 80%)",
                    "colorMotorist": "hsl(215, 15%, 37%)",
                    "timeOfDay": "Sunrise",
                    "waterStyle": "Simple",
                    "skyType": "Atmosphere",
                    "colorHospital": "hsl(252, 4%, 74%)"
                },
                "admin-boundaries": {
                    "colorBase": "hsl(214, 19%, 45%)",
                    "colorPlaceLabel": "hsl(215, 30%, 80%)",
                    "colorAdminBoundary": "hsl(250, 10%, 65%)"
                },
                "transit": {
                    "matchLabelAndIcon": true,
                    "colorRoad": "hsl(213, 9%, 19%)",
                    "iconHueShift": 125,
                    "colorAirport": "hsl(230, 18%, 77%)",
                    "airportLabels": true,
                    "aerialways": false,
                    "poiEtcSize": 1.1,
                    "iconColorScheme": "Full color",
                    "colorTransit": "hsl(230, 54%, 85%)",
                    "colorRoadLabel": "hsl(0, 0%, 90%)",
                    "transitLabels": false,
                    "colorBase": "hsl(214, 19%, 45%)",
                    "colorWater": "hsl(197, 15%, 43%)",
                    "iconLightness": -0.3,
                    "roadsSize": 0.8,
                    "railways": false,
                    "ferries": false,
                    "labelStyle": "Text and icon",
                    "colorRoadOutline": "hsl(217, 11%, 32%)"
                },
                "place-labels": {
                    "statesSize": 1.2,
                    "settlementLabelStyle": "Text only",
                    "settlements": true,
                    "settlementsMinorSize": 1.1,
                    "settlementSubdivisions": false,
                    "settlementsMajorSize": 1.3,
                    "colorPlaceLabel": "hsl(215, 30%, 80%)",
                    "settlementSubdivisionsSize": 1.1,
                    "colorBase": "hsl(214, 19%, 45%)",
                    "countriesSize": 1.4,
                    "settlementSubdivisionsDensity": 3,
                    "settlementsDensity": 2,
                    "settlementSubdivisionsFont": [
                        "DIN Pro Medium",
                        "Arial Unicode MS Regular"
                    ]
                }
            }
        }
    },
    "center": [0.7813772570573576, 47.874860507906476],
    "zoom": 3.4529460040882642,
    "bearing": 0,
    "pitch": 2.220446049250313e-16,
    "sources": {
        "composite": {
            "url": "mapbox://mapbox.mapbox-streets-v8",
            "type": "vector"
        }
    },
    "sprite": "mapbox://sprites/rb23/ckvcr41l82igb15o20zlmtz6i/bazrwiavchlaxbb6nebgu6hvk",
    "glyphs": "mapbox://fonts/mapbox/{fontstack}/{range}.pbf",
    "layers": [
        {
            "id": "land",
            "type": "background",
            "metadata": {
                "mapbox:featureComponent": "land-and-water",
                "mapbox:group": "Land, water, & sky, land"
            },
            "layout": {},
            "paint": {"background-color": "hsl(214, 17%, 31%)"}
        },
        {
            "id": "waterway",
            "type": "line",
            "metadata": {
                "mapbox:featureComponent": "land-and-water",
                "mapbox:group": "Land, water, & sky, water"
            },
            "source": "composite",
            "source-layer": "waterway",
            "minzoom": 8,
            "layout": {
                "line-cap": ["step", ["zoom"], "butt", 11, "round"],
                "line-join": "round"
            },
            "paint": {
                "line-color": "hsl(197, 15%, 43%)",
                "line-width": [
                    "interpolate",
                    ["exponential", 1.3],
                    ["zoom"],
                    9,
                    ["match", ["get", "class"], ["canal", "river"], 0.1, 0],
                    20,
                    ["match", ["get", "class"], ["canal", "river"], 8, 3]
                ],
                "line-opacity": [
                    "interpolate",
                    ["linear"],
                    ["zoom"],
                    8,
                    0,
                    8.5,
                    1
                ]
            }
        },
        {
            "id": "water",
            "type": "fill",
            "metadata": {
                "mapbox:featureComponent": "land-and-water",
                "mapbox:group": "Land, water, & sky, water"
            },
            "source": "composite",
            "source-layer": "water",
            "layout": {},
            "paint": {"fill-color": "hsl(197, 15%, 43%)"}
        },
        {
            "id": "land-structure-polygon",
            "type": "fill",
            "metadata": {
                "mapbox:featureComponent": "land-and-water",
                "mapbox:group": "Land, water, & sky, built"
            },
            "source": "composite",
            "source-layer": "structure",
            "minzoom": 13,
            "filter": [
                "all",
                ["==", ["geometry-type"], "Polygon"],
                ["==", ["get", "class"], "land"]
            ],
            "layout": {},
            "paint": {"fill-color": "hsl(214, 17%, 31%)"}
        },
        {
            "id": "land-structure-line",
            "type": "line",
            "metadata": {
                "mapbox:featureComponent": "land-and-water",
                "mapbox:group": "Land, water, & sky, built"
            },
            "source": "composite",
            "source-layer": "structure",
            "minzoom": 13,
            "filter": [
                "all",
                ["==", ["geometry-type"], "LineString"],
                ["==", ["get", "class"], "land"]
            ],
            "layout": {"line-cap": "round"},
            "paint": {
                "line-width": [
                    "interpolate",
                    ["exponential", 1.99],
                    ["zoom"],
                    14,
                    0.75,
                    20,
                    40
                ],
                "line-color": "hsl(214, 17%, 31%)"
            }
        },
        {
            "id": "aeroway-polygon",
            "type": "fill",
            "metadata": {
                "mapbox:featureComponent": "transit",
                "mapbox:group": "Transit, built"
            },
            "source": "composite",
            "source-layer": "aeroway",
            "minzoom": 11,
            "filter": [
                "all",
                ["==", ["geometry-type"], "Polygon"],
                [
                    "match",
                    ["get", "type"],
                    ["runway", "taxiway", "helipad"],
                    true,
                    false
                ]
            ],
            "layout": {},
            "paint": {
                "fill-color": [
                    "interpolate",
                    ["linear"],
                    ["zoom"],
                    15,
                    "hsl(230, 19%, 27%)",
                    16,
                    "hsl(230, 18%, 29%)"
                ],
                "fill-opacity": [
                    "interpolate",
                    ["linear"],
                    ["zoom"],
                    11,
                    0,
                    11.5,
                    1
                ]
            }
        },
        {
            "id": "aeroway-line",
            "type": "line",
            "metadata": {
                "mapbox:featureComponent": "transit",
                "mapbox:group": "Transit, built"
            },
            "source": "composite",
            "source-layer": "aeroway",
            "minzoom": 9,
            "filter": ["==", ["geometry-type"], "LineString"],
            "layout": {},
            "paint": {
                "line-color": [
                    "interpolate",
                    ["linear"],
                    ["zoom"],
                    15,
                    "hsl(230, 19%, 27%)",
                    16,
                    "hsl(230, 18%, 29%)"
                ],
                "line-width": [
                    "interpolate",
                    ["exponential", 1.5],
                    ["zoom"],
                    9,
                    ["match", ["get", "type"], "runway", 1, 0.5],
                    18,
                    ["match", ["get", "type"], "runway", 80, 20]
                ]
            }
        },
        {
            "id": "admin-1-boundary-bg",
            "type": "line",
            "metadata": {
                "mapbox:featureComponent": "admin-boundaries",
                "mapbox:group": "Administrative boundaries, admin"
            },
            "source": "composite",
            "source-layer": "admin",
            "minzoom": 7,
            "filter": [
                "all",
                ["==", ["get", "admin_level"], 1],
                ["==", ["get", "maritime"], "false"],
                ["match", ["get", "worldview"], ["all", "US"], true, false]
            ],
            "layout": {"line-join": "bevel"},
            "paint": {
                "line-color": [
                    "interpolate",
                    ["linear"],
                    ["zoom"],
                    8,
                    "hsl(214, 17%, 31%)",
                    16,
                    "hsl(250, 30%, 46%)"
                ],
                "line-width": [
                    "interpolate",
                    ["linear"],
                    ["zoom"],
                    7,
                    3.75,
                    12,
                    5.5
                ],
                "line-opacity": [
                    "interpolate",
                    ["linear"],
                    ["zoom"],
                    7,
                    0,
                    8,
                    0.75
                ],
                "line-dasharray": [1, 0],
                "line-blur": ["interpolate", ["linear"], ["zoom"], 3, 0, 8, 3]
            }
        },
        {
            "id": "admin-0-boundary-bg",
            "type": "line",
            "metadata": {
                "mapbox:featureComponent": "admin-boundaries",
                "mapbox:group": "Administrative boundaries, admin"
            },
            "source": "composite",
            "source-layer": "admin",
            "minzoom": 1,
            "filter": [
                "all",
                ["==", ["get", "admin_level"], 0],
                ["==", ["get", "maritime"], "false"],
                ["match", ["get", "worldview"], ["all", "US"], true, false]
            ],
            "layout": {},
            "paint": {
                "line-width": [
                    "interpolate",
                    ["linear"],
                    ["zoom"],
                    3,
                    3.5,
                    10,
                    8
                ],
                "line-color": [
                    "interpolate",
                    ["linear"],
                    ["zoom"],
                    6,
                    "hsl(214, 17%, 31%)",
                    8,
                    "hsl(250, 30%, 46%)"
                ],
                "line-opacity": [
                    "interpolate",
                    ["linear"],
                    ["zoom"],
                    3,
                    0,
                    4,
                    0.5
                ],
                "line-blur": ["interpolate", ["linear"], ["zoom"], 3, 0, 10, 2]
            }
        },
        {
            "id": "admin-1-boundary",
            "type": "line",
            "metadata": {
                "mapbox:featureComponent": "admin-boundaries",
                "mapbox:group": "Administrative boundaries, admin"
            },
            "source": "composite",
            "source-layer": "admin",
            "minzoom": 2,
            "filter": [
                "all",
                ["==", ["get", "admin_level"], 1],
                ["==", ["get", "maritime"], "false"],
                ["match", ["get", "worldview"], ["all", "US"], true, false]
            ],
            "layout": {"line-join": "round", "line-cap": "round"},
            "paint": {
                "line-dasharray": [
                    "step",
                    ["zoom"],
                    ["literal", [2, 0]],
                    7,
                    ["literal", [2, 2, 6, 2]]
                ],
                "line-width": [
                    "interpolate",
                    ["linear"],
                    ["zoom"],
                    7,
                    0.75,
                    12,
                    1.5
                ],
                "line-opacity": [
                    "interpolate",
                    ["linear"],
                    ["zoom"],
                    2,
                    0,
                    3,
                    1
                ],
                "line-color": [
                    "interpolate",
                    ["linear"],
                    ["zoom"],
                    3,
                    "hsl(250, 6%, 60%)",
                    7,
                    "hsl(250, 10%, 70%)"
                ]
            }
        },
        {
            "id": "admin-0-boundary",
            "type": "line",
            "metadata": {
                "mapbox:featureComponent": "admin-boundaries",
                "mapbox:group": "Administrative boundaries, admin"
            },
            "source": "composite",
            "source-layer": "admin",
            "minzoom": 1,
            "filter": [
                "all",
                ["==", ["get", "admin_level"], 0],
                ["==", ["get", "disputed"], "false"],
                ["==", ["get", "maritime"], "false"],
                ["match", ["get", "worldview"], ["all", "US"], true, false]
            ],
            "layout": {"line-join": "round", "line-cap": "round"},
            "paint": {
                "line-color": "hsl(250, 10%, 65%)",
                "line-width": [
                    "interpolate",
                    ["linear"],
                    ["zoom"],
                    3,
                    0.5,
                    10,
                    2
                ],
                "line-dasharray": [10, 0]
            }
        },
        {
            "id": "admin-0-boundary-disputed",
            "type": "line",
            "metadata": {
                "mapbox:featureComponent": "admin-boundaries",
                "mapbox:group": "Administrative boundaries, admin"
            },
            "source": "composite",
            "source-layer": "admin",
            "minzoom": 1,
            "filter": [
                "all",
                ["==", ["get", "disputed"], "true"],
                ["==", ["get", "admin_level"], 0],
                ["==", ["get", "maritime"], "false"],
                ["match", ["get", "worldview"], ["all", "US"], true, false]
            ],
            "layout": {"line-join": "round"},
            "paint": {
                "line-color": "hsl(250, 10%, 65%)",
                "line-width": [
                    "interpolate",
                    ["linear"],
                    ["zoom"],
                    3,
                    0.5,
                    10,
                    2
                ],
                "line-dasharray": [
                    "step",
                    ["zoom"],
                    ["literal", [3.25, 3.25]],
                    6,
                    ["literal", [2.5, 2.5]],
                    7,
                    ["literal", [2, 2.25]],
                    8,
                    ["literal", [1.75, 2]]
                ]
            }
        },
        {
            "id": "airport-label",
            "type": "symbol",
            "metadata": {
                "mapbox:featureComponent": "transit",
                "mapbox:group": "Transit, transit-labels"
            },
            "source": "composite",
            "source-layer": "airport_label",
            "minzoom": 8,
            "filter": [
                "match",
                ["get", "class"],
                ["military", "civil"],
                ["match", ["get", "worldview"], ["all", "US"], true, false],
                ["disputed_military", "disputed_civil"],
                [
                    "all",
                    ["==", ["get", "disputed"], "true"],
                    ["match", ["get", "worldview"], ["all", "US"], true, false]
                ],
                false
            ],
            "layout": {
                "text-line-height": 1.1,
                "text-size": [
                    "step",
                    ["get", "sizerank"],
                    19.8,
                    9,
                    13.200000000000001
                ],
                "icon-image": ["get", "maki"],
                "text-font": ["DIN Pro Medium", "Arial Unicode MS Regular"],
                "text-offset": [0, 0.75],
                "text-rotation-alignment": "viewport",
                "text-anchor": "top",
                "text-field": [
                    "step",
                    ["get", "sizerank"],
                    ["coalesce", ["get", "name_en"], ["get", "name"]],
                    15,
                    ["get", "ref"]
                ],
                "text-letter-spacing": 0.01,
                "text-max-width": 9
            },
            "paint": {
                "text-color": "hsl(230, 18%, 100%)",
                "text-halo-color": "hsl(230, 39%, 19%)",
                "text-halo-width": 1
            }
        },
        {
            "id": "settlement-minor-label",
            "type": "symbol",
            "metadata": {
                "mapbox:featureComponent": "place-labels",
                "mapbox:group": "Place labels, place-labels"
            },
            "source": "composite",
            "source-layer": "place_label",
            "minzoom": 3,
            "maxzoom": 13,
            "filter": [
                "all",
                ["<=", ["get", "filterrank"], 2],
                [
                    "match",
                    ["get", "class"],
                    "settlement",
                    ["match", ["get", "worldview"], ["all", "US"], true, false],
                    "disputed_settlement",
                    [
                        "all",
                        ["==", ["get", "disputed"], "true"],
                        [
                            "match",
                            ["get", "worldview"],
                            ["all", "US"],
                            true,
                            false
                        ]
                    ],
                    false
                ],
                [
                    "step",
                    ["zoom"],
                    [">", ["get", "symbolrank"], 6],
                    4,
                    [">=", ["get", "symbolrank"], 7],
                    6,
                    [">=", ["get", "symbolrank"], 8],
                    7,
                    [">=", ["get", "symbolrank"], 10],
                    10,
                    [">=", ["get", "symbolrank"], 11],
                    11,
                    [">=", ["get", "symbolrank"], 13],
                    12,
                    [">=", ["get", "symbolrank"], 15]
                ]
            ],
            "layout": {
                "icon-image": "",
                "text-font": ["DIN Pro Regular", "Arial Unicode MS Regular"],
                "text-radial-offset": [
                    "step",
                    ["zoom"],
                    ["match", ["get", "capital"], 2, 0.6, 0.55],
                    8,
                    0
                ],
                "text-anchor": ["step", ["zoom"], "center", 8, "center"],
                "text-field": ["coalesce", ["get", "name_en"], ["get", "name"]],
                "text-max-width": 7,
                "text-line-height": 1.1,
                "text-size": [
                    "interpolate",
                    ["cubic-bezier", 0.2, 0, 0.9, 1],
                    ["zoom"],
                    3,
                    [
                        "step",
                        ["get", "symbolrank"],
                        13.200000000000001,
                        9,
                        12.100000000000001,
                        10,
                        11.55,
                        12,
                        10.450000000000001,
                        14,
                        9.350000000000001,
                        16,
                        7.15,
                        17,
                        4.4
                    ],
                    13,
                    [
                        "step",
                        ["get", "symbolrank"],
                        25.3,
                        9,
                        23.1,
                        10,
                        20.900000000000002,
                        11,
                        18.700000000000003,
                        12,
                        17.6,
                        13,
                        16.5,
                        15,
                        14.3
                    ]
                ]
            },
            "paint": {
                "text-color": "hsl(215, 30%, 75%)",
                "text-halo-color": "hsl(214, 24%, 30%)",
                "text-halo-width": 1,
                "icon-opacity": ["step", ["zoom"], 1, 8, 0],
                "text-halo-blur": 1
            }
        },
        {
            "id": "settlement-major-label",
            "type": "symbol",
            "metadata": {
                "mapbox:featureComponent": "place-labels",
                "mapbox:group": "Place labels, place-labels"
            },
            "source": "composite",
            "source-layer": "place_label",
            "minzoom": 3,
            "maxzoom": 15,
            "filter": [
                "all",
                ["<=", ["get", "filterrank"], 2],
                [
                    "match",
                    ["get", "class"],
                    "settlement",
                    ["match", ["get", "worldview"], ["all", "US"], true, false],
                    "disputed_settlement",
                    [
                        "all",
                        ["==", ["get", "disputed"], "true"],
                        [
                            "match",
                            ["get", "worldview"],
                            ["all", "US"],
                            true,
                            false
                        ]
                    ],
                    false
                ],
                [
                    "step",
                    ["zoom"],
                    false,
                    3,
                    ["<=", ["get", "symbolrank"], 6],
                    4,
                    ["<", ["get", "symbolrank"], 7],
                    6,
                    ["<", ["get", "symbolrank"], 8],
                    7,
                    ["<", ["get", "symbolrank"], 10],
                    10,
                    ["<", ["get", "symbolrank"], 11],
                    11,
                    ["<", ["get", "symbolrank"], 13],
                    12,
                    ["<", ["get", "symbolrank"], 15],
                    13,
                    [">=", ["get", "symbolrank"], 11],
                    14,
                    [">=", ["get", "symbolrank"], 15]
                ]
            ],
            "layout": {
                "icon-image": "",
                "text-font": ["DIN Pro Medium", "Arial Unicode MS Regular"],
                "text-radial-offset": [
                    "step",
                    ["zoom"],
                    ["match", ["get", "capital"], 2, 0.6, 0.55],
                    8,
                    0
                ],
                "text-anchor": ["step", ["zoom"], "center", 8, "center"],
                "text-field": ["coalesce", ["get", "name_en"], ["get", "name"]],
                "text-max-width": 7,
                "text-line-height": 1.1,
                "text-size": [
                    "interpolate",
                    ["cubic-bezier", 0.2, 0, 0.9, 1],
                    ["zoom"],
                    3,
                    [
                        "step",
                        ["get", "symbolrank"],
                        16.900000000000002,
                        6,
                        15.600000000000001
                    ],
                    6,
                    ["step", ["get", "symbolrank"], 20.8, 6, 19.5, 7, 18.2],
                    8,
                    [
                        "step",
                        ["get", "symbolrank"],
                        23.400000000000002,
                        9,
                        22.1,
                        10,
                        19.5
                    ],
                    15,
                    [
                        "step",
                        ["get", "symbolrank"],
                        29.900000000000002,
                        9,
                        28.6,
                        10,
                        26,
                        11,
                        23.400000000000002,
                        12,
                        20.8,
                        13,
                        19.5,
                        15,
                        16.900000000000002
                    ]
                ]
            },
            "paint": {
                "text-color": "hsl(215, 30%, 75%)",
                "text-halo-color": "hsl(214, 24%, 30%)",
                "text-halo-width": 1,
                "icon-opacity": ["step", ["zoom"], 1, 8, 0],
                "text-halo-blur": 1
            }
        },
        {
            "id": "state-label",
            "type": "symbol",
            "metadata": {
                "mapbox:featureComponent": "place-labels",
                "mapbox:group": "Place labels, place-labels"
            },
            "source": "composite",
            "source-layer": "place_label",
            "minzoom": 3,
            "maxzoom": 9,
            "filter": [
                "match",
                ["get", "class"],
                "state",
                ["match", ["get", "worldview"], ["all", "US"], true, false],
                "disputed_state",
                [
                    "all",
                    ["==", ["get", "disputed"], "true"],
                    ["match", ["get", "worldview"], ["all", "US"], true, false]
                ],
                false
            ],
            "layout": {
                "text-size": [
                    "interpolate",
                    ["cubic-bezier", 0.85, 0.7, 0.65, 1],
                    ["zoom"],
                    4,
                    [
                        "step",
                        ["get", "symbolrank"],
                        12,
                        6,
                        11.4,
                        7,
                        10.799999999999999
                    ],
                    9,
                    ["step", ["get", "symbolrank"], 25.2, 6, 19.2, 7, 15.6]
                ],
                "text-transform": "uppercase",
                "text-font": ["DIN Pro Bold", "Arial Unicode MS Bold"],
                "text-field": [
                    "step",
                    ["zoom"],
                    [
                        "step",
                        ["get", "symbolrank"],
                        ["coalesce", ["get", "name_en"], ["get", "name"]],
                        5,
                        [
                            "coalesce",
                            ["get", "abbr"],
                            ["get", "name_en"],
                            ["get", "name"]
                        ]
                    ],
                    5,
                    ["coalesce", ["get", "name_en"], ["get", "name"]]
                ],
                "text-letter-spacing": 0.15,
                "text-max-width": 6
            },
            "paint": {
                "text-color": "hsl(215, 30%, 75%)",
                "text-halo-color": "hsl(214, 24%, 30%)",
                "text-halo-width": 1
            }
        },
        {
            "id": "country-label",
            "type": "symbol",
            "metadata": {
                "mapbox:featureComponent": "place-labels",
                "mapbox:group": "Place labels, place-labels"
            },
            "source": "composite",
            "source-layer": "place_label",
            "minzoom": 1,
            "maxzoom": 10,
            "filter": [
                "match",
                ["get", "class"],
                "country",
                ["match", ["get", "worldview"], ["all", "US"], true, false],
                "disputed_country",
                [
                    "all",
                    ["==", ["get", "disputed"], "true"],
                    ["match", ["get", "worldview"], ["all", "US"], true, false]
                ],
                false
            ],
            "layout": {
                "icon-image": "",
                "text-field": ["coalesce", ["get", "name_en"], ["get", "name"]],
                "text-line-height": 1.1,
                "text-max-width": 6,
                "text-font": ["DIN Pro Medium", "Arial Unicode MS Regular"],
                "text-radial-offset": ["step", ["zoom"], 0.6, 8, 0],
                "text-size": [
                    "interpolate",
                    ["cubic-bezier", 0.2, 0, 0.7, 1],
                    ["zoom"],
                    1,
                    [
                        "step",
                        ["get", "symbolrank"],
                        15.399999999999999,
                        4,
                        12.6,
                        5,
                        11.2
                    ],
                    9,
                    [
                        "step",
                        ["get", "symbolrank"],
                        30.799999999999997,
                        4,
                        26.599999999999998,
                        5,
                        23.799999999999997
                    ]
                ]
            },
            "paint": {
                "icon-opacity": [
                    "step",
                    ["zoom"],
                    ["case", ["has", "text_anchor"], 1, 0],
                    7,
                    0
                ],
                "text-color": "hsl(215, 30%, 75%)",
                "text-halo-color": [
                    "interpolate",
                    ["linear"],
                    ["zoom"],
                    2,
                    "hsla(214, 24%, 30%, 0.75)",
                    3,
                    "hsl(214, 24%, 30%)"
                ],
                "text-halo-width": 1.25
            }
        },
        {
            "id": "sky",
            "type": "sky",
            "metadata": {
                "mapbox:featureComponent": "land-and-water",
                "mapbox:group": "Land, water, & sky, sky"
            },
            "layout": {},
            "paint": {
                "sky-atmosphere-color": "hsl(212, 68%, 58%)",
                "sky-gradient": [
                    "interpolate",
                    ["linear"],
                    ["sky-radial-progress"],
                    0.85,
                    "hsl(197, 43%, 37%)",
                    0.925,
                    "hsl(197, 43%, 73%)",
                    1,
                    "hsl(197, 43%, 100%)"
                ]
            }
        }
    ],
    "created": "2021-10-29T19:11:06.786Z",
    "modified": "2021-10-29T21:08:09.895Z",
    "id": "ckvcr41l82igb15o20zlmtz6i",
    "owner": "rb23",
    "visibility": "private",
    "protected": false,
    "draft": false
}